PRAGMA foreign_keys=OFF;
BEGIN TRANSACTION;
CREATE TABLE Chemical_Types (
  id INTEGER PRIMARY KEY,
  name TEXT NOT NULL
);
INSERT INTO "Chemical_Types" VALUES(1,'Acid');
INSERT INTO "Chemical_Types" VALUES(2,'Caustic');
INSERT INTO "Chemical_Types" VALUES(3,'Sanitizer');
INSERT INTO "Chemical_Types" VALUES(4,'Chlorine');
INSERT INTO "Chemical_Types" VALUES(5,'Neutral / Water');
CREATE TABLE Users (
  id INTEGER PRIMARY KEY,
  name TEXT NOT NULL,
  rfid TEXT,
  access_level INTEGER,
  pin TEXT
);
INSERT INTO "Users" VALUES(8,'Adam Jacques','0123456789',1,'1234');
INSERT INTO "Users" VALUES(45,'test rep 1  #1sales guy','00E00401004EAB536E',2,'1234');
INSERT INTO "Users" VALUES(46,'Tester 1 Worker Smith','00E00401004EAB1A5E',1,'1111');
INSERT INTO "Users" VALUES(47,'Tester 1 Sanitation Manager','2389384720',2,'3333');
CREATE TABLE User_App_Permissions (
  user_id INTEGER REFERENCES Users(id) DEFERRABLE INITIALLY DEFERRED,
  app_id INTEGER REFERENCES Apps(id) DEFERRABLE INITIALLY DEFERRED,
  frequency INTEGER NOT NULL,
  PRIMARY KEY(user_id, app_id)
);
INSERT INTO "User_App_Permissions" VALUES(8,175,100);
INSERT INTO "User_App_Permissions" VALUES(8,176,100);
INSERT INTO "User_App_Permissions" VALUES(8,178,100);
INSERT INTO "User_App_Permissions" VALUES(8,180,100);
INSERT INTO "User_App_Permissions" VALUES(45,175,10);
INSERT INTO "User_App_Permissions" VALUES(45,176,10);
INSERT INTO "User_App_Permissions" VALUES(45,178,10);
INSERT INTO "User_App_Permissions" VALUES(45,180,10);
INSERT INTO "User_App_Permissions" VALUES(46,175,10);
INSERT INTO "User_App_Permissions" VALUES(46,176,10);
INSERT INTO "User_App_Permissions" VALUES(46,178,10);
INSERT INTO "User_App_Permissions" VALUES(46,180,10);
INSERT INTO "User_App_Permissions" VALUES(47,175,10);
INSERT INTO "User_App_Permissions" VALUES(47,176,3);
INSERT INTO "User_App_Permissions" VALUES(47,178,2);
INSERT INTO "User_App_Permissions" VALUES(47,180,0);
CREATE TABLE App_Events (
  id INTEGER PRIMARY KEY,
  user_id INTEGER REFERENCES Users(id) DEFERRABLE INITIALLY DEFERRED,
  app_id INTEGER REFERENCES Apps(id) DEFERRABLE INITIALLY DEFERRED,
  jug_id INTEGER REFERENCES Jugs(id) DEFERRABLE INITIALLY DEFERRED,
  start_dispense_time INTEGER,
  stop_dispense_time INTEGER,
  login_time INTEGER,
  total_weight REAL,
  sent TEXT,
  dispense_type INTEGER,
  error INTEGER
);
INSERT INTO "App_Events" VALUES(1,8,4,NULL,NULL,1326899382,1326899373,20.3,'t',1, 0);
INSERT INTO "App_Events" VALUES(2,8,4,NULL,NULL,1326900991,1326900966,24.3,'t',1, 0);
INSERT INTO "App_Events" VALUES(3,8,4,NULL,NULL,1326983610,1326983601,22.3,'t',1, 0);
INSERT INTO "App_Events" VALUES(4,8,4,NULL,NULL,1326983624,1326983616,22.2,'t',1, 0);
INSERT INTO "App_Events" VALUES(5,8,4,NULL,NULL,1326983815,1326983807,21.5,'t',1, 0);
INSERT INTO "App_Events" VALUES(6,8,4,NULL,NULL,1326983850,1326983842,21.4,'t',1, 0);
INSERT INTO "App_Events" VALUES(7,8,4,NULL,NULL,1326983894,1326983885,21.7,'t',1, 0);
INSERT INTO "App_Events" VALUES(8,8,4,NULL,NULL,1326983931,1326983923,21.3,'t',1, 0);
INSERT INTO "App_Events" VALUES(9,8,4,NULL,NULL,1326983987,1326983978,21.8,'t',1, 0);
INSERT INTO "App_Events" VALUES(11,8,4,NULL,NULL,1326984054,1326984045,22.4,'t',1, 0);
INSERT INTO "App_Events" VALUES(12,8,4,NULL,NULL,1326984102,1326984094,21.5,'t',1, 0);
INSERT INTO "App_Events" VALUES(13,8,4,NULL,NULL,1326984151,1326984143,22.2,'t',1, 0);
INSERT INTO "App_Events" VALUES(14,8,4,NULL,NULL,1326984189,1326984177,21.4,'t',1, 0);
INSERT INTO "App_Events" VALUES(15,8,4,NULL,NULL,1326984429,1326984421,22.4,'t',1, 0);
CREATE TABLE Chem_Events (
  app_event_id INTEGER REFERENCES App_Events(id) DEFERRABLE INITIALLY DEFERRED,
  chemical_id INTEGER REFERENCES Chemicals(id) DEFERRABLE INITIALLY DEFERRED,
  weight REAL,
  PRIMARY KEY(app_event_id, chemical_id)
);
INSERT INTO "Chem_Events" VALUES(1,1,8.433);
INSERT INTO "Chem_Events" VALUES(2,1,20.0);
INSERT INTO "Chem_Events" VALUES(2,198,10.0);
INSERT INTO "Chem_Events" VALUES(3,200,7.1);
INSERT INTO "Chem_Events" VALUES(3,201,17.2);
INSERT INTO "Chem_Events" VALUES(3,203,37.6);
INSERT INTO "Chem_Events" VALUES(4,200,6.0);
INSERT INTO "Chem_Events" VALUES(4,201,16.0);
INSERT INTO "Chem_Events" VALUES(4,203,41.0);
INSERT INTO "Chem_Events" VALUES(5,200,6.0);
INSERT INTO "Chem_Events" VALUES(5,201,16.0);
INSERT INTO "Chem_Events" VALUES(5,203,41.0);
INSERT INTO "Chem_Events" VALUES(6,200,6.0);
INSERT INTO "Chem_Events" VALUES(6,201,16.0);
INSERT INTO "Chem_Events" VALUES(6,203,41.0);
INSERT INTO "Chem_Events" VALUES(7,200,6.0);
INSERT INTO "Chem_Events" VALUES(7,201,16.0);
INSERT INTO "Chem_Events" VALUES(7,203,41.0);
INSERT INTO "Chem_Events" VALUES(8,200,6.0);
INSERT INTO "Chem_Events" VALUES(8,201,16.0);
INSERT INTO "Chem_Events" VALUES(8,203,41.0);
INSERT INTO "Chem_Events" VALUES(9,200,6.0);
INSERT INTO "Chem_Events" VALUES(9,201,16.0);
INSERT INTO "Chem_Events" VALUES(9,203,41.0);
INSERT INTO "Chem_Events" VALUES(10,200,6.0);
INSERT INTO "Chem_Events" VALUES(10,201,16.0);
INSERT INTO "Chem_Events" VALUES(10,203,41.0);
INSERT INTO "Chem_Events" VALUES(11,200,6.0);
INSERT INTO "Chem_Events" VALUES(11,201,16.0);
INSERT INTO "Chem_Events" VALUES(11,203,41.0);
INSERT INTO "Chem_Events" VALUES(12,200,6.0);
INSERT INTO "Chem_Events" VALUES(12,201,16.0);
INSERT INTO "Chem_Events" VALUES(12,203,41.0);
INSERT INTO "Chem_Events" VALUES(13,200,6.0);
INSERT INTO "Chem_Events" VALUES(13,201,16.0);
INSERT INTO "Chem_Events" VALUES(13,203,41.0);
INSERT INTO "Chem_Events" VALUES(14,200,6.0);
INSERT INTO "Chem_Events" VALUES(14,201,16.0);
INSERT INTO "Chem_Events" VALUES(14,203,41.0);
INSERT INTO "Chem_Events" VALUES(15,200,6.0);
INSERT INTO "Chem_Events" VALUES(15,201,16.0);
INSERT INTO "Chem_Events" VALUES(15,203,41.0);
INSERT INTO "Chem_Events" VALUES(16,200,6.0);
INSERT INTO "Chem_Events" VALUES(16,201,16.0);
INSERT INTO "Chem_Events" VALUES(16,203,41.0);
INSERT INTO "Chem_Events" VALUES(17,200,6.0);
INSERT INTO "Chem_Events" VALUES(17,201,16.0);
INSERT INTO "Chem_Events" VALUES(17,203,41.0);
INSERT INTO "Chem_Events" VALUES(18,200,6.0);
INSERT INTO "Chem_Events" VALUES(18,201,16.0);
INSERT INTO "Chem_Events" VALUES(18,203,41.0);
INSERT INTO "Chem_Events" VALUES(19,200,6.0);
INSERT INTO "Chem_Events" VALUES(19,201,16.0);
INSERT INTO "Chem_Events" VALUES(19,203,41.0);
INSERT INTO "Chem_Events" VALUES(20,200,6.0);
INSERT INTO "Chem_Events" VALUES(20,201,16.0);
INSERT INTO "Chem_Events" VALUES(20,203,41.0);
INSERT INTO "Chem_Events" VALUES(21,200,6.0);
INSERT INTO "Chem_Events" VALUES(21,201,16.0);
INSERT INTO "Chem_Events" VALUES(21,203,41.0);
INSERT INTO "Chem_Events" VALUES(22,200,6.0);
INSERT INTO "Chem_Events" VALUES(22,201,16.0);
INSERT INTO "Chem_Events" VALUES(22,203,41.0);
INSERT INTO "Chem_Events" VALUES(23,200,6.0);
INSERT INTO "Chem_Events" VALUES(23,201,16.0);
INSERT INTO "Chem_Events" VALUES(23,203,41.0);
INSERT INTO "Chem_Events" VALUES(24,200,6.0);
INSERT INTO "Chem_Events" VALUES(24,201,16.0);
INSERT INTO "Chem_Events" VALUES(24,203,41.0);
INSERT INTO "Chem_Events" VALUES(25,200,6.0);
INSERT INTO "Chem_Events" VALUES(25,201,16.0);
INSERT INTO "Chem_Events" VALUES(25,203,41.0);
INSERT INTO "Chem_Events" VALUES(26,200,6.0);
INSERT INTO "Chem_Events" VALUES(26,201,16.0);
INSERT INTO "Chem_Events" VALUES(26,203,41.0);
INSERT INTO "Chem_Events" VALUES(27,200,6.0);
INSERT INTO "Chem_Events" VALUES(27,201,16.0);
INSERT INTO "Chem_Events" VALUES(27,203,41.0);
INSERT INTO "Chem_Events" VALUES(28,200,6.0);
INSERT INTO "Chem_Events" VALUES(28,201,16.0);
INSERT INTO "Chem_Events" VALUES(28,203,41.0);
INSERT INTO "Chem_Events" VALUES(29,200,6.0);
INSERT INTO "Chem_Events" VALUES(29,201,16.0);
INSERT INTO "Chem_Events" VALUES(29,203,41.0);
INSERT INTO "Chem_Events" VALUES(30,200,6.0);
INSERT INTO "Chem_Events" VALUES(30,201,16.0);
INSERT INTO "Chem_Events" VALUES(30,203,41.0);
INSERT INTO "Chem_Events" VALUES(31,200,6.0);
INSERT INTO "Chem_Events" VALUES(31,201,16.0);
INSERT INTO "Chem_Events" VALUES(31,203,41.0);
INSERT INTO "Chem_Events" VALUES(32,200,6.0);
INSERT INTO "Chem_Events" VALUES(32,201,16.0);
INSERT INTO "Chem_Events" VALUES(32,203,41.0);
INSERT INTO "Chem_Events" VALUES(33,200,6.0);
INSERT INTO "Chem_Events" VALUES(33,201,16.0);
INSERT INTO "Chem_Events" VALUES(33,203,41.0);
INSERT INTO "Chem_Events" VALUES(34,200,6.0);
INSERT INTO "Chem_Events" VALUES(34,201,16.0);
INSERT INTO "Chem_Events" VALUES(34,203,41.0);
INSERT INTO "Chem_Events" VALUES(35,200,6.0);
INSERT INTO "Chem_Events" VALUES(35,201,16.0);
INSERT INTO "Chem_Events" VALUES(35,203,41.0);
INSERT INTO "Chem_Events" VALUES(36,200,6.0);
INSERT INTO "Chem_Events" VALUES(36,201,16.0);
INSERT INTO "Chem_Events" VALUES(36,203,41.0);
INSERT INTO "Chem_Events" VALUES(37,200,6.0);
INSERT INTO "Chem_Events" VALUES(37,201,16.0);
INSERT INTO "Chem_Events" VALUES(37,203,41.0);
INSERT INTO "Chem_Events" VALUES(38,200,6.0);
INSERT INTO "Chem_Events" VALUES(38,201,16.0);
INSERT INTO "Chem_Events" VALUES(38,203,41.0);
INSERT INTO "Chem_Events" VALUES(39,200,6.0);
INSERT INTO "Chem_Events" VALUES(39,201,16.0);
INSERT INTO "Chem_Events" VALUES(39,203,41.0);
INSERT INTO "Chem_Events" VALUES(40,200,6.0);
INSERT INTO "Chem_Events" VALUES(40,201,16.0);
INSERT INTO "Chem_Events" VALUES(40,203,41.0);
INSERT INTO "Chem_Events" VALUES(41,200,6.0);
INSERT INTO "Chem_Events" VALUES(41,201,16.0);
INSERT INTO "Chem_Events" VALUES(41,203,41.0);
INSERT INTO "Chem_Events" VALUES(42,200,6.0);
INSERT INTO "Chem_Events" VALUES(42,201,16.0);
INSERT INTO "Chem_Events" VALUES(42,203,41.0);
INSERT INTO "Chem_Events" VALUES(43,200,6.0);
INSERT INTO "Chem_Events" VALUES(43,201,16.0);
INSERT INTO "Chem_Events" VALUES(43,203,41.0);
INSERT INTO "Chem_Events" VALUES(44,200,7.0);
INSERT INTO "Chem_Events" VALUES(44,201,17.7);
INSERT INTO "Chem_Events" VALUES(44,203,37.7);
INSERT INTO "Chem_Events" VALUES(3,1,12.1);
INSERT INTO "Chem_Events" VALUES(3,198,22.3);
INSERT INTO "Chem_Events" VALUES(4,1,12.1);
INSERT INTO "Chem_Events" VALUES(4,198,22.2);
INSERT INTO "Chem_Events" VALUES(5,1,11.2);
INSERT INTO "Chem_Events" VALUES(5,198,21.5);
INSERT INTO "Chem_Events" VALUES(6,1,11.3);
INSERT INTO "Chem_Events" VALUES(6,198,21.4);
INSERT INTO "Chem_Events" VALUES(7,1,11.5);
INSERT INTO "Chem_Events" VALUES(7,198,21.7);
INSERT INTO "Chem_Events" VALUES(8,1,11.3);
INSERT INTO "Chem_Events" VALUES(8,198,21.3);
INSERT INTO "Chem_Events" VALUES(9,1,11.3);
INSERT INTO "Chem_Events" VALUES(9,198,21.8);
INSERT INTO "Chem_Events" VALUES(11,1,11.4);
INSERT INTO "Chem_Events" VALUES(11,198,22.4);
INSERT INTO "Chem_Events" VALUES(12,1,11.5);
INSERT INTO "Chem_Events" VALUES(12,198,21.5);
INSERT INTO "Chem_Events" VALUES(13,1,11.6);
INSERT INTO "Chem_Events" VALUES(13,198,22.2);
INSERT INTO "Chem_Events" VALUES(14,1,10.0);
INSERT INTO "Chem_Events" VALUES(14,198,21.4);
INSERT INTO "Chem_Events" VALUES(15,1,11.9);
INSERT INTO "Chem_Events" VALUES(15,198,22.4);
CREATE TABLE Event_Types (
  id INTEGER PRIMARY KEY,
  type_name TEXT
);
INSERT INTO "Event_Types" VALUES(1,'USER_LOGIN');
INSERT INTO "Event_Types" VALUES(2,'APP_SELECT');
INSERT INTO "Event_Types" VALUES(3,'DISPENSE_START');
INSERT INTO "Event_Types" VALUES(4,'DISPENSE_INTERRUPT');
INSERT INTO "Event_Types" VALUES(5,'DISPENSE_RESUME');
INSERT INTO "Event_Types" VALUES(6,'DOOR_OPEN');
INSERT INTO "Event_Types" VALUES(7,'DOOR_CLOSE');
INSERT INTO "Event_Types" VALUES(8,'START_BUTTON_PRESS');
INSERT INTO "Event_Types" VALUES(9,'VIEW_SWITCHED');
INSERT INTO "Event_Types" VALUES(10,'BUTTON_CLICK');
INSERT INTO "Event_Types" VALUES(11,'KEY_PRESSED');
INSERT INTO "Event_Types" VALUES(12,'PIN_VALID');
INSERT INTO "Event_Types" VALUES(13,'ADMIN_LOGIN');
INSERT INTO "Event_Types" VALUES(14,'ADMIN_VIEW_SWITCHED');
INSERT INTO "Event_Types" VALUES(15,'ADMIN_TAB_SWITCHED');
INSERT INTO "Event_Types" VALUES(16,'APP_VALID');
INSERT INTO "Event_Types" VALUES(17,'APP_SELECTED');
INSERT INTO "Event_Types" VALUES(18,'JUG_VALID');
INSERT INTO "Event_Types" VALUES(19,'WEIGHT_READ');
INSERT INTO "Event_Types" VALUES(20,'PIN_INVALID');
INSERT INTO "Event_Types" VALUES(21,'TAB_SELECTED');
INSERT INTO "Event_Types" VALUES(22,'DISPENSE_STARTED');
CREATE TABLE General_Events (
  id INTEGER PRIMARY KEY,
  event_type_id INTEGER REFERENCES Event_Types(id) DEFERRABLE INITIALLY DEFERRED NOT NULL,
  time INTEGER NOT NULL,
  message TEXT NOT NULL
);
INSERT INTO "General_Events" VALUES(53,1,1328032322,'Key 2 pressed');
INSERT INTO "General_Events" VALUES(54,1,1328032323,'Key 3 pressed');
INSERT INTO "General_Events" VALUES(55,1,1328032323,'Key 4 pressed');
INSERT INTO "General_Events" VALUES(56,1,1328032985,'Key 1 pressed');
INSERT INTO "General_Events" VALUES(57,1,1328032987,'Key 2 pressed');
INSERT INTO "General_Events" VALUES(58,1,1328032988,'Key 3 pressed');
INSERT INTO "General_Events" VALUES(59,1,1328032989,'Key 4 pressed');
INSERT INTO "General_Events" VALUES(60,1,1328032992,'Key 1 pressed');
INSERT INTO "General_Events" VALUES(61,1,1328032992,'Key 2 pressed');
INSERT INTO "General_Events" VALUES(62,1,1328032993,'Key 3 pressed');
INSERT INTO "General_Events" VALUES(63,1,1328032993,'Key 4 pressed');
INSERT INTO "General_Events" VALUES(64,1,1328033051,'Key 1 pressed');
INSERT INTO "General_Events" VALUES(65,1,1328033054,'Key 2 pressed');
INSERT INTO "General_Events" VALUES(66,1,1328033055,'Key 3 pressed');
INSERT INTO "General_Events" VALUES(67,1,1328033055,'Key 4 pressed');
INSERT INTO "General_Events" VALUES(68,1,1328033099,'Key 1 pressed');
INSERT INTO "General_Events" VALUES(69,1,1328033102,'Key 2 pressed');
INSERT INTO "General_Events" VALUES(70,1,1328033102,'Key 3 pressed');
INSERT INTO "General_Events" VALUES(71,1,1328033102,'Key 4 pressed');
INSERT INTO "General_Events" VALUES(72,1,1328033584,'Key 1 pressed');
INSERT INTO "General_Events" VALUES(73,1,1328033587,'Key 2 pressed');
INSERT INTO "General_Events" VALUES(74,1,1328033588,'Key 3 pressed');
INSERT INTO "General_Events" VALUES(75,1,1328033589,'Key 4 pressed');
INSERT INTO "General_Events" VALUES(76,1,1328033666,'Key 1 pressed');
INSERT INTO "General_Events" VALUES(77,1,1328033675,'Key 2 pressed');
INSERT INTO "General_Events" VALUES(78,1,1328033675,'Key 3 pressed');
INSERT INTO "General_Events" VALUES(79,1,1328033675,'Key 4 pressed');
CREATE TABLE App_Recipes (
    "app_id" INTEGER,
    "chemical_id" INTEGER REFERENCES Chemicals(id) DEFERRABLE INITIALLY DEFERRED,
    "weight" REAL
);
INSERT INTO "App_Recipes" VALUES(1,200,8.345);
INSERT INTO "App_Recipes" VALUES(2,-1,1.0);
INSERT INTO "App_Recipes" VALUES(2,-2,1.0);
INSERT INTO "App_Recipes" VALUES(2,2,1.0);
INSERT INTO "App_Recipes" VALUES(2,221,1.0);
INSERT INTO "App_Recipes" VALUES(3,206,16.89);
INSERT INTO "App_Recipes" VALUES(4,1,10.0);
INSERT INTO "App_Recipes" VALUES(4,198,10.0);
INSERT INTO "App_Recipes" VALUES(5,1,1.0);
INSERT INTO "App_Recipes" VALUES(5,2,1.0);
INSERT INTO "App_Recipes" VALUES(5,200,1.0);
INSERT INTO "App_Recipes" VALUES(5,201,1.0);
CREATE TABLE Pumps (
  address INTEGER,
  chemical_id INTEGER REFERENCES Chemicals(id) ON DELETE SET NULL DEFERRABLE INITIALLY DEFERRED,
  type TEXT,
  state INTEGER,
  last_seen REAL,
  status INTEGER,
  manifold_id INTEGER REFERENCES Manifolds(id) ON DELETE SET NULL DEFERRABLE INITIALLY DEFERRED,
  PRIMARY KEY(address)
);
INSERT INTO "Pumps" VALUES(1,-1,'CANPump',0,1328033696.32082,1,1);
INSERT INTO "Pumps" VALUES(2,-2,'CANPump',0,1328033696.54469,1,1);
INSERT INTO "Pumps" VALUES(3,2,'CANPump',0,1328033696.06752,1,1);
INSERT INTO "Pumps" VALUES(5,221,'CANPump',0,1328033696.81685,1,1);
CREATE TABLE chemicals (
    "id" INTEGER,
    "name" TEXT,
    "chemical_type_id" INTEGER,
    "ppg" REAL   DEFAULT (8.345)
);
INSERT INTO "chemicals" VALUES(-1,'Air',5,0.0);
INSERT INTO "chemicals" VALUES(-2,'Water',5,8.345);
INSERT INTO "chemicals" VALUES(2,'Water (Red)',5,8.345);
INSERT INTO "chemicals" VALUES(208,'Formulated 1',2,8.345);
INSERT INTO "chemicals" VALUES(209,'Formulated 2',2,8.345);
INSERT INTO "chemicals" VALUES(210,'Formulated 3',2,8.345);
INSERT INTO "chemicals" VALUES(211,'Formulated 4',2,8.345);
INSERT INTO "chemicals" VALUES(212,'Formulated 5',2,8.345);
INSERT INTO "chemicals" VALUES(213,'Formulated 6',2,8.345);
INSERT INTO "chemicals" VALUES(214,'Formulated 7',2,8.345);
INSERT INTO "chemicals" VALUES(215,'Formulated 8',2,8.345);
INSERT INTO "chemicals" VALUES(216,'ACID 1',1,8.345);
INSERT INTO "chemicals" VALUES(217,'ACID 2',1,8.345);
INSERT INTO "chemicals" VALUES(218,'ACID 3',1,8.345);
INSERT INTO "chemicals" VALUES(219,'CAUSTIC 1',2,8.345);
INSERT INTO "chemicals" VALUES(220,'CAUSTIC 2',2,8.345);
INSERT INTO "chemicals" VALUES(221,'Chlorinated Caustic',2,8.345);
CREATE TABLE pump_calibrations (
    "pump_address" INTEGER,
    "weight" FLOAT,
    "time" FLOAT
);
CREATE TABLE jugs (
    "id" INTEGER,
    "name" TEXT,
    "volume" REAL,
    "rfid" TEXT,
    "code" INTEGER
);
INSERT INTO "jugs" VALUES(31,'#1 Acid',2.0,'00E00401004EAB37C1', 1111);
INSERT INTO "jugs" VALUES(32,'#1 Caustic',2.5,'00E00401004EAB14E0', 1112);
INSERT INTO "jugs" VALUES(33,'#1 Sanitation',2.5,'00E00401004EAB14E1', 1113);
CREATE TABLE jug_compatabilities (
    "jug_id" INTEGER,
    "chemical_type_id" INTEGER
);
INSERT INTO "jug_compatabilities" VALUES(31,1);
INSERT INTO "jug_compatabilities" VALUES(31,3);
INSERT INTO "jug_compatabilities" VALUES(31,4);
INSERT INTO "jug_compatabilities" VALUES(32,2);
INSERT INTO "jug_compatabilities" VALUES(33,3);
CREATE TABLE apps (
    "id" INTEGER,
    "name" TEXT NOT NULL,
    "location" TEXT,
    "code" TEXT NOT NULL,
    "total_volume" REAL,
    "fast" INTEGER,
    "water_weight" REAL
);
INSERT INTO "apps" VALUES(175,'FOAMING CHLORINATED CAUSTIC  - 50-50 Concentrate  ','open plant cleaning','8111',1.0,1, NULL);
INSERT INTO "apps" VALUES(176,'4 gal of water for test','water test','0000',4.0,1,NULL);
INSERT INTO "apps" VALUES(178,'Foaming Chlor Caustic 123','asdfasdf','8222',1.0,1, NULL);
INSERT INTO "apps" VALUES(180,'Test','SPACE','1234',55.0,1, NULL);
CREATE TABLE Manifolds (
  "id" INTEGER PRIMARY KEY,
  "name" TEXT,
  "color" TEXT
);
INSERT INTO "Manifolds" VALUES(1,'A','Red');
INSERT INTO "Manifolds" VALUES(2,'B','Blue');
INSERT INTO "Manifolds" VALUES(3,'C','Green');
INSERT INTO "Manifolds" VALUES(4,'D','Orange');
COMMIT;
